{
	"credit": "Bubblellaneous Datapack model © BubbleFish",
	"parent": "bubblellaneous:block/abstract/tall",
	"texture_size": [32, 32],
	"textures": {
		"texture": "bubblellaneous:block/fridge"
	},
	"elements": [
		{
			"from": [0, 0, 0],
			"to": [16, 32, 16],
			"faces": {
				"north": {"uv": [0, 0, 8, 16], "texture": "#texture"},
				"east": {"uv": [8, 0, 16, 16], "texture": "#texture"},
				"south": {"uv": [8, 0, 16, 16], "texture": "#texture"},
				"west": {"uv": [8, 0, 16, 16], "texture": "#texture"},
				"up": {"uv": [8, 8, 16, 16], "texture": "#texture"},
				"down": {"uv": [8, 0, 16, 8], "texture": "#texture"}
			}
		}
	]
}