{
    "credit": "Bubblellaneous Datapack model © BubbleFish",
	"parent": "bubblellaneous:block/abstract/cube",
    "textures": {
        "material": "block/quartz_block_bottom",
        "face": "bubblellaneous:block/kitchen_cabinet"
    },
	"elements": [
		{
			"from": [0, 0, 0],
			"to": [16, 16, 16],
			"faces": {
				"north": {"uv": [0, 0, 16, 16], "texture": "#face"},
				"east": {"uv": [0, 0, 16, 16], "texture": "#material"},
				"south": {"uv": [0, 0, 16, 16], "texture": "#material"},
				"west": {"uv": [0, 0, 16, 16], "texture": "#material"},
				"up": {"uv": [0, 0, 16, 16], "texture": "#material"},
				"down": {"uv": [0, 0, 16, 16], "texture": "#material"}
			}
		}
	]
}