{
	"credit": "Bubblellaneous Datapack model © BubbleFish",
	"parent": "bubblellaneous:block/abstract/cube",
	"textures": {
		"0": "bubblellaneous:block/cctv_camera",
		"particle": "bubblellaneous:block/cctv_camera"
	},
	"elements": [
		{
			"from": [5, 3, 14],
			"to": [11, 6, 16],
			"faces": {
				"north": {"uv": [5, 10, 11, 13], "texture": "#0"},
				"east": {"uv": [0, 10, 2, 13], "texture": "#0"},
				"south": {"uv": [5, 10, 11, 13], "texture": "#0"},
				"west": {"uv": [14, 10, 16, 13], "texture": "#0"},
				"up": {"uv": [5, 14, 11, 16], "texture": "#0"},
				"down": {"uv": [9, 13, 15, 15], "texture": "#0"}
			}
		},
		{
			"from": [7, 6, 15],
			"to": [9, 10, 16],
			"faces": {
				"north": {"uv": [6, 11, 8, 15], "texture": "#0"},
				"east": {"uv": [0, 6, 1, 10], "texture": "#0"},
				"south": {"uv": [8, 11, 10, 15], "texture": "#0"},
				"west": {"uv": [14, 12, 15, 16], "texture": "#0"},
				"up": {"uv": [7, 15, 9, 16], "texture": "#0"},
				"down": {"uv": [7, 0, 9, 1], "texture": "#0"}
			}
		},
		{
			"from": [6, 7, 13.5],
			"to": [10, 9, 15.5],
			"faces": {
				"north": {"uv": [6, 8, 10, 10], "texture": "#0"},
				"east": {"uv": [13, 8, 15, 10], "texture": "#0"},
				"south": {"uv": [9, 8, 13, 10], "texture": "#0"},
				"west": {"uv": [14, 8, 16, 10], "texture": "#0"},
				"up": {"uv": [8, 8, 12, 10], "texture": "#0"},
				"down": {"uv": [11, 8, 15, 10], "texture": "#0"}
			}
		},
		{
			"from": [7, 8.25, 8.15],
			"to": [9, 10.25, 14.15],
			"rotation": {"angle": 22.5, "axis": "x", "origin": [8, 8, 11]},
			"faces": {
				"north": {"uv": [8, 5, 10, 7], "texture": "#0"},
				"east": {"uv": [0, 8, 6, 10], "texture": "#0"},
				"south": {"uv": [3, 8, 5, 10], "texture": "#0"},
				"west": {"uv": [0, 8, 6, 10], "texture": "#0"},
				"up": {"uv": [0, 8, 6, 10], "rotation": 90, "texture": "#0"},
				"down": {"uv": [0, 8, 6, 10], "rotation": 90, "texture": "#0"}
			}
		},
		{
			"from": [5, 10, 14],
			"to": [11, 13, 16],
			"faces": {
				"north": {"uv": [5, 3, 11, 6], "texture": "#0"},
				"east": {"uv": [0, 3, 2, 6], "texture": "#0"},
				"south": {"uv": [5, 3, 11, 6], "texture": "#0"},
				"west": {"uv": [12, 12, 14, 15], "texture": "#0"},
				"up": {"uv": [5, 14, 11, 16], "texture": "#0"},
				"down": {"uv": [5, 13, 11, 15], "texture": "#0"}
			}
		},
		{
			"from": [5, 9, 2],
			"to": [11, 13, 12],
			"rotation": {"angle": -22.5, "axis": "x", "origin": [8, 12, 8]},
			"faces": {
				"north": {"uv": [10, 0, 16, 4], "texture": "#0"},
				"east": {"uv": [0, 0, 10, 4], "texture": "#0"},
				"south": {"uv": [10, 4, 16, 8], "texture": "#0"},
				"west": {"uv": [10, 4, 0, 8], "texture": "#0"},
				"up": {"uv": [0, 10, 10, 16], "rotation": 90, "texture": "#0"},
				"down": {"uv": [6, 10, 16, 16], "rotation": 90, "texture": "#0"}
			}
		}
	],
    "display": {
        "gui": {
            "translation": [1, -1, 0],
			"rotation": [30, -135, 0],
			"scale": [0.9, 0.9, 0.9]
		}
    }
}