{
	"credit": "Bubblellaneous Datapack model © BubbleFish",
	"parent": "bubblellaneous:block/abstract/tall",
    "textures": {
		"planks": "block/dark_oak_planks"
	},
	"elements": [
		{
			"from": [1, 10, 15],
			"to": [15, 26, 16],
			"faces": {
				"north": {"uv": [0, 0, 14, 16], "texture": "#planks"},
				"east": {"uv": [6, 0, 7, 16], "texture": "#planks"},
				"south": {"uv": [1, 0, 15, 16], "texture": "#planks"},
				"west": {"uv": [10, 0, 11, 16], "texture": "#planks"},
				"up": {"uv": [0, 0, 14, 1], "texture": "#planks"},
				"down": {"uv": [1, 3, 15, 4], "texture": "#planks"}
			}
		},
		{
			"from": [1, 7, 1],
			"to": [15, 10, 16],
			"faces": {
				"north": {"uv": [0, 0, 14, 3], "texture": "#material"},
				"east": {"uv": [0, 0, 4, 15], "rotation": 90, "texture": "#material"},
				"south": {"uv": [1, 0, 15, 3], "texture": "#planks"},
				"west": {"uv": [12, 0, 16, 15], "rotation": 90, "texture": "#material"},
				"up": {"uv": [0, 0, 14, 15], "texture": "#material"},
				"down": {"uv": [1, 0, 15, 15], "texture": "#planks"}
			}
		},
		{
			"from": [12, 0, 2],
			"to": [15, 7, 5],
			"faces": {
				"north": {"uv": [4, 0, 7, 7], "texture": "#planks"},
				"east": {"uv": [0, 0, 3, 7], "texture": "#planks"},
				"south": {"uv": [7, 0, 10, 7], "texture": "#planks"},
				"west": {"uv": [11, 0, 14, 7], "texture": "#planks"},
				"up": {"uv": [6, 12, 9, 15], "texture": "#planks"},
				"down": {"uv": [10, 4, 13, 7], "texture": "#planks"}
			}
		},
		{
			"from": [12, 0, 13],
			"to": [15, 7, 16],
			"faces": {
				"north": {"uv": [4, 0, 7, 7], "texture": "#planks"},
				"east": {"uv": [0, 0, 3, 7], "texture": "#planks"},
				"south": {"uv": [7, 0, 10, 7], "texture": "#planks"},
				"west": {"uv": [11, 0, 14, 7], "texture": "#planks"},
				"up": {"uv": [6, 12, 9, 15], "texture": "#planks"},
				"down": {"uv": [10, 4, 13, 7], "texture": "#planks"}
			}
		},
		{
			"from": [1, 0, 13],
			"to": [4, 7, 16],
			"faces": {
				"north": {"uv": [4, 0, 7, 7], "texture": "#planks"},
				"east": {"uv": [0, 0, 3, 7], "texture": "#planks"},
				"south": {"uv": [7, 0, 10, 7], "texture": "#planks"},
				"west": {"uv": [11, 0, 14, 7], "texture": "#planks"},
				"up": {"uv": [6, 12, 9, 15], "texture": "#planks"},
				"down": {"uv": [10, 4, 13, 7], "texture": "#planks"}
			}
		},
		{
			"from": [1, 0, 2],
			"to": [4, 7, 5],
			"faces": {
				"north": {"uv": [4, 0, 7, 7], "texture": "#planks"},
				"east": {"uv": [0, 0, 3, 7], "texture": "#planks"},
				"south": {"uv": [7, 0, 10, 7], "texture": "#planks"},
				"west": {"uv": [11, 0, 14, 7], "texture": "#planks"},
				"up": {"uv": [6, 12, 9, 15], "texture": "#planks"},
				"down": {"uv": [10, 4, 13, 7], "texture": "#planks"}
			}
		},
		{
			"from": [2, 11, 14],
			"to": [14, 25, 15],
			"faces": {
				"north": {"uv": [0, 0, 10, 14], "texture": "#material"},
				"east": {"uv": [7, 1, 8, 15], "texture": "#material"},
				"south": {"uv": [5, 1, 15, 15], "texture": "#material"},
				"west": {"uv": [10, 2, 11, 16], "texture": "#material"},
				"up": {"uv": [6, 8, 16, 9], "texture": "#material"},
				"down": {"uv": [3, 11, 13, 12], "texture": "#material"}
			}
		}
	]
}