{
	"parent": "bubblellaneous:block/abstract/cube",
	"elements": [
		{
			"from": [0, 0, 13],
			"to": [2, 8, 16],
			"rotation": {"angle": 0, "axis": "y", "origin": [8, 10, 8]},
			"faces": {
				"north": {"uv": [5, 8, 7, 16], "texture": "#material"},
				"east": {"uv": [2, 8, 5, 16], "texture": "#material"},
				"south": {"uv": [0, 8, 2, 16], "texture": "#material"},
				"west": {"uv": [7, 8, 10, 16], "texture": "#material"}
			}
		},
		{
			"from": [14, 0, 13],
			"to": [16, 8, 16],
			"rotation": {"angle": 0, "axis": "y", "origin": [22, 10, 8]},
			"faces": {
				"north": {"uv": [5, 8, 7, 16], "texture": "#material"},
				"east": {"uv": [2, 8, 5, 16], "texture": "#material"},
				"south": {"uv": [0, 8, 2, 16], "texture": "#material"},
				"west": {"uv": [7, 8, 10, 16], "texture": "#material"}
			}
		},
		{
			"from": [0, 0, 3],
			"to": [2, 8, 6],
			"rotation": {"angle": 0, "axis": "y", "origin": [8, 10, -2]},
			"faces": {
				"north": {"uv": [5, 8, 7, 16], "texture": "#material"},
				"east": {"uv": [2, 8, 5, 16], "texture": "#material"},
				"south": {"uv": [0, 8, 2, 16], "texture": "#material"},
				"west": {"uv": [7, 8, 10, 16], "texture": "#material"}
			}
		},
		{
			"from": [14, 0, 3],
			"to": [16, 8, 6],
			"rotation": {"angle": 0, "axis": "y", "origin": [22, 10, -2]},
			"faces": {
				"north": {"uv": [5, 8, 7, 16], "texture": "#material"},
				"east": {"uv": [2, 8, 5, 16], "texture": "#material"},
				"south": {"uv": [0, 8, 2, 16], "texture": "#material"},
				"west": {"uv": [7, 8, 10, 16], "texture": "#material"}
			}
		},
		{
			"from": [13, 9, 15.5],
			"to": [14, 23, 16.5],
			"rotation": {"angle": 0, "axis": "y", "origin": [19, 11, 8.5]},
			"faces": {
				"north": {"uv": [0, 0, 1, 14], "texture": "#beam"},
				"east": {"uv": [3, 0, 4, 14], "texture": "#beam"},
				"south": {"uv": [2, 0, 3, 14], "texture": "#beam"},
				"west": {"uv": [1, 0, 2, 14], "texture": "#beam"}
			}
		},
		{
			"from": [2, 9, 15.5],
			"to": [3, 23, 16.5],
			"rotation": {"angle": 0, "axis": "y", "origin": [8, 11, 8.5]},
			"faces": {
				"north": {"uv": [0, 0, 1, 14], "texture": "#beam"},
				"east": {"uv": [3, 0, 4, 14], "texture": "#beam"},
				"south": {"uv": [2, 0, 3, 14], "texture": "#beam"},
				"west": {"uv": [1, 0, 2, 14], "texture": "#beam"}
			}
		},
		{
			"from": [13, 8.75, 6],
			"to": [14, 9.75, 13],
			"rotation": {"angle": 0, "axis": "x", "origin": [19, 9.75, 11]},
			"faces": {
				"east": {"uv": [0, 0, 1, 7], "rotation": 90, "texture": "#beam"},
				"west": {"uv": [2, 0, 3, 7], "rotation": 270, "texture": "#beam"},
				"up": {"uv": [1, 0, 2, 7], "texture": "#beam"},
				"down": {"uv": [3, 0, 4, 7], "rotation": 180, "texture": "#beam"}
			}
		},
		{
			"from": [2, 8.75, 6],
			"to": [3, 9.75, 13],
			"rotation": {"angle": 0, "axis": "x", "origin": [8, 9.75, 11]},
			"faces": {
				"east": {"uv": [0, 0, 1, 7], "rotation": 90, "texture": "#beam"},
				"west": {"uv": [2, 0, 3, 7], "rotation": 270, "texture": "#beam"},
				"up": {"uv": [1, 0, 2, 7], "texture": "#beam"},
				"down": {"uv": [3, 0, 4, 7], "rotation": 180, "texture": "#beam"}
			}
		},
		{
			"from": [13, 4.75, 3],
			"to": [14, 9.75, 4],
			"rotation": {"angle": 45, "axis": "x", "origin": [19, 9.75, 3]},
			"faces": {
				"north": {"uv": [0, 0, 1, 5], "rotation": 180, "texture": "#beam"},
				"east": {"uv": [1, 0, 2, 5], "rotation": 180, "texture": "#beam"},
				"south": {"uv": [2, 0, 3, 5], "rotation": 180, "texture": "#beam"},
				"west": {"uv": [3, 0, 4, 5], "rotation": 180, "texture": "#beam"}
			}
		},
		{
			"from": [2, 4.75, 3],
			"to": [3, 9.75, 4],
			"rotation": {"angle": 45, "axis": "x", "origin": [8, 9.75, 3]},
			"faces": {
				"north": {"uv": [0, 0, 1, 5], "rotation": 180, "texture": "#beam"},
				"east": {"uv": [1, 0, 2, 5], "rotation": 180, "texture": "#beam"},
				"south": {"uv": [2, 0, 3, 5], "rotation": 180, "texture": "#beam"},
				"west": {"uv": [3, 0, 4, 5], "rotation": 180, "texture": "#beam"}
			}
		},
		{
			"from": [0, 8, 3],
			"to": [16, 10, 6],
			"rotation": {"angle": 0, "axis": "y", "origin": [8, 9, 4.5]},
			"faces": {
				"north": {"uv": [0, 3, 16, 5], "texture": "#material"},
				"east": {"uv": [0, 9, 3, 11], "texture": "#material"},
				"south": {"uv": [0, 8, 16, 10], "texture": "#material"},
				"west": {"uv": [13, 0, 16, 2], "texture": "#material"},
				"up": {"uv": [0, 0, 16, 3], "texture": "#material"},
				"down": {"uv": [0, 8, 16, 5], "texture": "#material"}
			}
		},
		{
			"from": [0, 5.5, -0.5],
			"to": [16, 7.5, 2.5],
			"rotation": {"angle": -45, "axis": "x", "origin": [8, 6.5, 1]},
			"faces": {
				"north": {"uv": [0, 3, 16, 5], "texture": "#material"},
				"east": {"uv": [0, 9, 3, 11], "texture": "#material"},
				"south": {"uv": [0, 8, 16, 10], "texture": "#material"},
				"west": {"uv": [13, 0, 16, 2], "texture": "#material"},
				"up": {"uv": [0, 0, 16, 3], "texture": "#material"},
				"down": {"uv": [0, 8, 16, 5], "texture": "#material"}
			}
		},
		{
			"from": [0, 17, 15.25],
			"to": [16, 20, 17.25],
			"rotation": {"angle": 0, "axis": "x", "origin": [8, 18.5, 16.25]},
			"faces": {
				"north": {"uv": [0, 0, 16, 3], "rotation": 180, "texture": "#material"},
				"east": {"uv": [0, 9, 3, 11], "rotation": 90, "texture": "#material"},
				"south": {"uv": [0, 8, 16, 5], "texture": "#material"},
				"west": {"uv": [13, 0, 16, 2], "rotation": 270, "texture": "#material"},
				"up": {"uv": [0, 8, 16, 10], "texture": "#material"},
				"down": {"uv": [0, 3, 16, 5], "rotation": 180, "texture": "#material"}
			}
		},
		{
			"from": [0, 22, 15.25],
			"to": [16, 25, 17.25],
			"rotation": {"angle": 0, "axis": "x", "origin": [8, 23.5, 16.25]},
			"faces": {
				"north": {"uv": [0, 0, 16, 3], "rotation": 180, "texture": "#material"},
				"east": {"uv": [0, 9, 3, 11], "rotation": 90, "texture": "#material"},
				"south": {"uv": [0, 8, 16, 5], "texture": "#material"},
				"west": {"uv": [13, 0, 16, 2], "rotation": 270, "texture": "#material"},
				"up": {"uv": [0, 8, 16, 10], "texture": "#material"},
				"down": {"uv": [0, 3, 16, 5], "rotation": 180, "texture": "#material"}
			}
		},
		{
			"from": [0, 12, 15.25],
			"to": [16, 15, 17.25],
			"rotation": {"angle": 0, "axis": "x", "origin": [8, 13.5, 16.25]},
			"faces": {
				"north": {"uv": [0, 0, 16, 3], "rotation": 180, "texture": "#material"},
				"east": {"uv": [0, 9, 3, 11], "rotation": 90, "texture": "#material"},
				"south": {"uv": [0, 8, 16, 5], "texture": "#material"},
				"west": {"uv": [13, 0, 16, 2], "rotation": 270, "texture": "#material"},
				"up": {"uv": [0, 8, 16, 10], "texture": "#material"},
				"down": {"uv": [0, 3, 16, 5], "rotation": 180, "texture": "#material"}
			}
		},
		{
			"from": [0, 8, 8],
			"to": [16, 10, 11],
			"rotation": {"angle": 0, "axis": "y", "origin": [8, 10, 3]},
			"faces": {
				"north": {"uv": [0, 3, 16, 5], "texture": "#material"},
				"east": {"uv": [0, 9, 3, 11], "texture": "#material"},
				"south": {"uv": [0, 8, 16, 10], "texture": "#material"},
				"west": {"uv": [13, 0, 16, 2], "texture": "#material"},
				"up": {"uv": [0, 0, 16, 3], "texture": "#material"},
				"down": {"uv": [0, 8, 16, 5], "texture": "#material"}
			}
		},
		{
			"from": [0, 8, 13],
			"to": [16, 10, 16],
			"rotation": {"angle": 0, "axis": "y", "origin": [8, 10, 8]},
			"faces": {
				"north": {"uv": [0, 3, 16, 5], "texture": "#material"},
				"east": {"uv": [0, 9, 3, 11], "texture": "#material"},
				"south": {"uv": [0, 8, 16, 10], "texture": "#material"},
				"west": {"uv": [13, 0, 16, 2], "texture": "#material"},
				"up": {"uv": [0, 0, 16, 3], "texture": "#material"},
				"down": {"uv": [0, 8, 16, 5], "texture": "#material"}
			}
		}
	]
}
