{
    "criteria": {
        "requirement": {
            "trigger": "minecraft:tick",
            "conditions": {
                "player": [
                    {
                        "condition": "minecraft:random_chance",
                        "chance": 0.05
                    },
                    {
                        "condition": "minecraft:entity_properties",
                        "entity": "this",
                        "predicate": {
                            "equipment": {
                                "head": {
                                    "items": [
                                        "minecraft:warped_fungus_on_a_stick"
                                    ],
                                    "nbt": "{CustomModelData:85169}"
                                }
                            }
                        }
                    }
                ]
            }
        }
    },
    "rewards": {
        "function": "bubblellaneous:event_listener/armor/nanoglasses/damage"
    }
}