{
    "criteria": {
        "requirement": {
            "trigger": "minecraft:inventory_changed",
            "conditions": {
                "player": [
                    {
                        "condition": "minecraft:inverted",
                        "term": {
                            "condition": "minecraft:entity_properties",
                            "entity": "this",
                            "predicate": {
                                "equipment": {
                                    "head": {
                                        "items": [
                                            "minecraft:warped_fungus_on_a_stick"
                                        ],
                                        "nbt": "{CustomModelData:85169}"
                                    }
                                }
                            }
                        }
                    }
                ]
            }
        }
    },
    "rewards": {
        "function": "bubblellaneous:event_listener/armor/nanoglasses/unequipped"
    }
}