{
	"credit": "Bubblellaneous Datapack model © BubbleFish",
	"parent": "bubblellaneous:block/abstract/cube",
    "textures": {
		"1": "block/cyan_terracotta",
		"2": "block/gray_concrete"
	},
	"elements": [
		{
			"from": [2, 7, 2],
			"to": [14, 10, 14],
			"rotation": {"angle": 0, "axis": "y", "origin": [10, 15, 10]},
			"faces": {
				"north": {"uv": [2, 8, 14, 11], "texture": "#material"},
				"east": {"uv": [2, 5, 14, 8], "texture": "#material"},
				"south": {"uv": [1, 13, 13, 16], "texture": "#material"},
				"west": {"uv": [2, 11, 14, 14], "texture": "#material"},
				"up": {"uv": [3, 3, 15, 15], "texture": "#material"},
				"down": {"uv": [0, 1, 12, 13], "texture": "#material"}
			}
		},
		{
			"from": [2, 14, 11],
			"to": [14, 21, 14],
			"rotation": {"angle": 0, "axis": "y", "origin": [10, 26, 10]},
			"faces": {
				"north": {"uv": [3, 4, 15, 11], "texture": "#material"},
				"east": {"uv": [2, 3, 5, 10], "texture": "#material"},
				"south": {"uv": [4, 8, 16, 15], "texture": "#material"},
				"west": {"uv": [4, 8, 7, 15], "texture": "#material"},
				"up": {"uv": [3, 8, 15, 11], "texture": "#material"},
				"down": {"uv": [0, 11, 12, 14], "texture": "#material"}
			}
		},
		{
			"from": [6, 8, 13],
			"to": [10, 19, 16],
			"rotation": {"angle": 0, "axis": "y", "origin": [10, 14, 12]},
			"faces": {
				"north": {"uv": [6, 0, 10, 11], "texture": "#1"},
				"east": {"uv": [1, 0, 4, 11], "texture": "#1"},
				"south": {"uv": [7, 0, 11, 11], "texture": "#1"},
				"west": {"uv": [9, 1, 12, 12], "texture": "#1"},
				"up": {"uv": [6, 11, 10, 14], "texture": "#1"},
				"down": {"uv": [5, 2, 9, 5], "texture": "#1"}
			}
		},
		{
			"from": [7, 0.75, 7],
			"to": [9, 6, 9],
			"rotation": {"angle": 45, "axis": "y", "origin": [8, 3, 8]},
			"faces": {
				"north": {"uv": [7, 10, 9, 14], "texture": "#1"},
				"east": {"uv": [7, 10, 9, 14], "texture": "#1"},
				"south": {"uv": [7, 10, 9, 14], "texture": "#1"},
				"west": {"uv": [7, 10, 9, 14], "texture": "#1"},
				"down": {"uv": [11, 9, 13, 11], "texture": "#1"}
			}
		},
		{
			"from": [10, 0, 7],
			"to": [12, 1, 9],
			"rotation": {"angle": 45, "axis": "y", "origin": [8, 2, 8]},
			"faces": {
				"north": {"uv": [0, 0, 2, 1], "texture": "#2"},
				"east": {"uv": [0, 0, 2, 1], "texture": "#2"},
				"south": {"uv": [0, 0, 2, 1], "texture": "#2"},
				"west": {"uv": [0, 0, 2, 1], "texture": "#2"},
				"down": {"uv": [0, 0, 2, 2], "texture": "#2"}
			}
		},
		{
			"from": [7, 0, 10],
			"to": [9, 1, 12],
			"rotation": {"angle": 45, "axis": "y", "origin": [8, 2, 8]},
			"faces": {
				"north": {"uv": [0, 0, 2, 1], "texture": "#2"},
				"east": {"uv": [0, 0, 2, 1], "texture": "#2"},
				"south": {"uv": [0, 0, 2, 1], "texture": "#2"},
				"west": {"uv": [0, 0, 2, 1], "texture": "#2"},
				"down": {"uv": [0, 0, 2, 2], "rotation": 270, "texture": "#2"}
			}
		},
		{
			"from": [4, 0, 7],
			"to": [6, 1, 9],
			"rotation": {"angle": 45, "axis": "y", "origin": [8, 2, 8]},
			"faces": {
				"north": {"uv": [0, 0, 2, 1], "texture": "#2"},
				"east": {"uv": [0, 0, 2, 1], "texture": "#2"},
				"south": {"uv": [0, 0, 2, 1], "texture": "#2"},
				"west": {"uv": [0, 0, 2, 1], "texture": "#2"},
				"down": {"uv": [0, 0, 2, 2], "texture": "#2"}
			}
		},
		{
			"from": [7, 0, 4],
			"to": [9, 1, 6],
			"rotation": {"angle": 45, "axis": "y", "origin": [8, 2, 8]},
			"faces": {
				"north": {"uv": [0, 0, 2, 1], "texture": "#2"},
				"east": {"uv": [0, 0, 2, 1], "texture": "#2"},
				"south": {"uv": [0, 0, 2, 1], "texture": "#2"},
				"west": {"uv": [0, 0, 2, 1], "texture": "#2"},
				"down": {"uv": [0, 0, 2, 2], "rotation": 270, "texture": "#2"}
			}
		},
		{
			"from": [3, 1, 7],
			"to": [13, 3, 9],
			"rotation": {"angle": 45, "axis": "y", "origin": [8, 2, 8]},
			"faces": {
				"north": {"uv": [0, 0, 10, 2], "texture": "#1"},
				"east": {"uv": [0, 0, 2, 2], "texture": "#1"},
				"south": {"uv": [0, 0, 10, 2], "texture": "#1"},
				"west": {"uv": [0, 0, 2, 2], "texture": "#1"},
				"up": {"uv": [0, 0, 10, 2], "texture": "#1"},
				"down": {"uv": [0, 0, 10, 2], "texture": "#1"}
			}
		},
		{
			"from": [7, 1, 3],
			"to": [9, 3, 13],
			"rotation": {"angle": 45, "axis": "y", "origin": [8, 2, 8]},
			"faces": {
				"north": {"uv": [7, 13, 9, 15], "texture": "#1"},
				"east": {"uv": [3, 13, 13, 15], "texture": "#1"},
				"south": {"uv": [7, 13, 9, 15], "texture": "#1"},
				"west": {"uv": [3, 13, 13, 15], "texture": "#1"},
				"up": {"uv": [5, 3, 15, 5], "rotation": 90, "texture": "#1"},
				"down": {"uv": [5, 3, 15, 5], "rotation": 270, "texture": "#1"}
			}
		},
		{
			"from": [4, 6, 4],
			"to": [12, 7, 12],
			"rotation": {"angle": 0, "axis": "y", "origin": [10, 3, 6]},
			"faces": {
				"north": {"uv": [0, 0, 8, 1], "texture": "#1"},
				"east": {"uv": [0, 0, 8, 1], "texture": "#1"},
				"south": {"uv": [0, 0, 8, 1], "texture": "#1"},
				"west": {"uv": [0, 0, 8, 1], "texture": "#1"},
				"down": {"uv": [0, 0, 8, 8], "texture": "#1"}
			}
		}
	]
}