{
    "criteria": {
        "requirement": {
            "trigger": "minecraft:tick",
            "conditions": {
                "player": [
                    {
                        "condition": "minecraft:inverted",
                        "term": {
                            "condition": "minecraft:entity_scores",
                            "entity": "this",
                            "scores": {
                                "buln.digit0": {
                                    "min": -2147483648,
                                    "max": 2147483647
                                }
                            }
                        }
                    }
                ]
            }
        }
    },
    "rewards": {
        "function": "bubblellaneous:player/register"
    }
}