{
    "criteria": {
        "requirement": {
            "trigger": "minecraft:tick",
            "conditions": {
                "player": [
                    {
                        "condition": "minecraft:entity_scores",
                        "entity": "this",
                        "scores": {
                            "buln.sneaking": {
                                "min": 1,
                                "max": 2147483647
                            }
                        }
                    }
                ]
            }
        }
    },
    "rewards": {
        "function": "bubblellaneous:event_listener/sneaking"
    }
}