{
	"credit": "Bubblellaneous Datapack model © BubbleFish",
	"parent": "bubblellaneous:block/abstract/cube",
    "textures": {
        "planks": "block/dark_oak_planks"
    },
	"elements": [
		{
			"from": [1, 2, 14],
			"to": [15, 16, 15],
			"faces": {
				"north": {"uv": [1, 0, 15, 14], "texture": "#material"},
				"east": {"uv": [1, 0, 2, 14], "texture": "#material"},
				"south": {"uv": [1, 0, 15, 14], "texture": "#material"},
				"west": {"uv": [14, 0, 15, 14], "texture": "#material"},
				"up": {"uv": [1, 14, 15, 15], "texture": "#material"},
				"down": {"uv": [1, 1, 15, 2], "texture": "#material"}
			}
		},
		{
			"from": [13, 7, 3],
			"to": [16, 10, 14],
			"faces": {
				"north": {"uv": [0, 6, 3, 9], "texture": "#material"},
				"east": {"uv": [2, 6, 13, 9], "texture": "#material"},
				"south": {"uv": [13, 6, 16, 9], "texture": "#material"},
				"west": {"uv": [3, 6, 14, 9], "texture": "#material"},
				"up": {"uv": [13, 3, 16, 14], "texture": "#material"},
				"down": {"uv": [13, 2, 16, 13], "texture": "#material"}
			}
		},
		{
			"from": [0, 7, 3],
			"to": [3, 10, 14],
			"faces": {
				"north": {"uv": [13, 6, 16, 9], "texture": "#material"},
				"east": {"uv": [2, 6, 13, 9], "texture": "#material"},
				"south": {"uv": [0, 6, 3, 9], "texture": "#material"},
				"west": {"uv": [3, 6, 14, 9], "texture": "#material"},
				"up": {"uv": [0, 3, 3, 14], "texture": "#material"},
				"down": {"uv": [0, 2, 3, 13], "texture": "#material"}
			}
		},
		{
			"from": [1, 2, 2],
			"to": [15, 7, 14],
			"faces": {
				"north": {"uv": [1, 9, 15, 14], "texture": "#material"},
				"east": {"uv": [2, 9, 14, 14], "texture": "#material"},
				"south": {"uv": [1, 9, 15, 14], "texture": "#material"},
				"west": {"uv": [2, 9, 14, 14], "texture": "#material"},
				"up": {"uv": [1, 2, 15, 14], "texture": "#material"},
				"down": {"uv": [1, 2, 15, 14], "texture": "#material"}
			}
		},
		{
			"from": [1, 1, 2],
			"to": [15, 2, 15],
			"faces": {
				"north": {"uv": [1, 14, 15, 15], "texture": "#planks"},
				"east": {"uv": [1, 14, 14, 15], "texture": "#planks"},
				"south": {"uv": [1, 14, 15, 15], "texture": "#planks"},
				"west": {"uv": [2, 14, 15, 15], "texture": "#planks"},
				"up": {"uv": [1, 2, 15, 15], "texture": "#planks"},
				"down": {"uv": [1, 1, 15, 14], "texture": "#planks"}
			}
		},
		{
			"from": [13, 0, 2],
			"to": [15, 1, 4],
			"faces": {
				"north": {"uv": [1, 15, 3, 16], "texture": "#planks"},
				"east": {"uv": [12, 15, 14, 16], "texture": "#planks"},
				"south": {"uv": [13, 15, 15, 16], "texture": "#planks"},
				"west": {"uv": [2, 15, 4, 16], "texture": "#planks"},
				"up": {"uv": [13, 2, 15, 4], "texture": "#planks"},
				"down": {"uv": [13, 12, 15, 14], "texture": "#planks"}
			}
		},
		{
			"from": [1, 0, 2],
			"to": [3, 1, 4],
			"faces": {
				"north": {"uv": [13, 15, 15, 16], "texture": "#planks"},
				"east": {"uv": [12, 15, 14, 16], "texture": "#planks"},
				"south": {"uv": [1, 15, 3, 16], "texture": "#planks"},
				"west": {"uv": [2, 15, 4, 16], "texture": "#planks"},
				"up": {"uv": [1, 2, 3, 4], "texture": "#planks"},
				"down": {"uv": [1, 12, 3, 14], "texture": "#planks"}
			}
		},
		{
			"from": [1, 0, 13],
			"to": [3, 1, 15],
			"faces": {
				"north": {"uv": [13, 15, 15, 16], "texture": "#planks"},
				"east": {"uv": [1, 15, 3, 16], "texture": "#planks"},
				"south": {"uv": [1, 15, 3, 16], "texture": "#planks"},
				"west": {"uv": [13, 15, 15, 16], "texture": "#planks"},
				"up": {"uv": [1, 13, 3, 15], "texture": "#planks"},
				"down": {"uv": [1, 1, 3, 3], "texture": "#planks"}
			}
		},
		{
			"from": [13, 0, 13],
			"to": [15, 1, 15],
			"faces": {
				"north": {"uv": [1, 15, 3, 16], "texture": "#planks"},
				"east": {"uv": [1, 15, 3, 16], "texture": "#planks"},
				"south": {"uv": [13, 15, 15, 16], "texture": "#planks"},
				"west": {"uv": [13, 15, 15, 16], "texture": "#planks"},
				"up": {"uv": [13, 13, 15, 15], "texture": "#planks"},
				"down": {"uv": [13, 1, 15, 3], "texture": "#planks"}
			}
		}
	]
}